id;customer_name;contact_name;father_name;owner_name;site_address;phone_number;email
1;Assistant;Market;program payment User-friendly;Team-oriented;index;auxiliary experiences;"R}@RTFf\.l"
2;indexing Ball;users;Directives Soft Implementation;partnerships Uzbekistan intelligence;Ergonomic Generic bluetooth;copying;"mV@^)hl4K.)k"
3;Kids;Peso;synthesize Lilangeni initiatives;Directives;Loan Lead;RSS COM;"L+b[r@(+3.fi"
4;hacking;Berkshire;Georgia;override;deposit Horizontal;Loan Handcrafted Architect;"},Y@5'-II.>'5Gy`"
5;Via;overriding Japan multi-tasking;Account;high-level compressing;intuitive black Small;upward-trending Concrete wireless;"[v6S@oz.M``O"
6;Internal deposit haptic;withdrawal Chief system-worthy;Global scale Jewelery;bypass Frozen;Carolina;monitor synthesizing;"{|*:@g%t.o#03="
7;multi-byte Mississippi payment;connecting;invoice Investment;Afghani;XSS Curve deposit;Dam up;"kOi]5L@<IVj7J.Us"
8;Ville Minnesota array;Future Refined;transparent Peso;uniform quantify Wooden;state Internal primary;Bedfordshire Connecticut;"VS@iz.&J}o`"
9;Avon;open-source Health;metrics e-services Loan;Architect;Grocery;Total;"\u@IMKnV.dXhx"
10;Georgia input;Somalia Markets sexy;Agent;Ball monitor;payment;navigating;"+esbLE@s._]H"
